<?xml version="1.0" encoding="UTF-8"?>
<project-private xmlns="http://www.netbeans.org/ns/project-private/1">
    <editor-bookmarks xmlns="http://www.netbeans.org/ns/editor-bookmarks/2" lastBookmarkId="0"/>
    <open-files xmlns="http://www.netbeans.org/ns/projectui-open-files/2">
        <group>
            <file>file:/C:/Users/Peter/Documents/NetBeansProjects/ExampleApplication/src/addressbook/AddressBookView.java</file>
            <file>file:/C:/Users/Peter/Documents/NetBeansProjects/ExampleApplication/src/addressbook/AddressBookAboutBox.java</file>
            <file>file:/C:/Users/Peter/Documents/NetBeansProjects/ExampleApplication/src/addressbook/resources/AddressBook.properties</file>
            <file>file:/C:/Users/Peter/Documents/NetBeansProjects/ExampleApplication/src/addressbook/resources/AddressBookAboutBox.properties</file>
            <file>file:/C:/Users/Peter/Documents/NetBeansProjects/ExampleApplication/src/addressbook/resources/AddressBookView.properties</file>
        </group>
    </open-files>
</project-private>
